袩械褉褋芯薪邪卸,效邪褋褌芯褌邪
袦芯褌褉褟,431
袥邪胁褉褨薪,327
袣邪泄写邪褕懈褏邪,316
袣邪褉锌芯,280
袣邪泄写邪褕,253
袦械谢邪褕泻邪,163
袩邪谢邪卸泻邪,44
袩邪褉邪褋泻邪,19
袘邪谢邪褕,16
袣邪褉锌械,14
袘邪谢邪褕懈褏邪,12
袘械褉泻芯,11
袛芯胁斜懈褕,9
袦懈泻芯谢邪泄,9
袣邪褉锌,8
袣邪泄写邪褕懈褋邪,7
袛芯胁斜懈褕泻邪,6
袙邪褉胁邪褉邪,6
袚褉懈褑褜泻芯,6
袦邪褉褍褋褟,5
袣邪泄写邪褕懈褋褨,5
袦芯褌褉械,5
袦芯褌褉懈薪,5
袥邪胁褉褨薪邪,5
袩邪谢邪卸泻芯,5
袦芯褌褉械褟,4
袣邪泄写邪褕懈褏,4
袚邪胁褉懈褩谢,4
袥邪胁褉褨薪芯胁邪,4
袨屑械谢褜泻芯,3
小械屑械薪,3
袣邪泄写邪褕械薪泻芯,3
袦械谢邪褕褔懈薪邪,3
袥邪胁褉褨薪褨胁,3
袉胁邪薪,2
袨谢械薪邪,2
袚邪薪薪邪,2
袣邪褉锌邪,2
袛芯胁斜懈褕褨胁薪邪,2
袣邪泄写邪褕邪,2
袘芯褉褖,2
袦芯褌褉械泄,2
Bi薪,2
啸邪谢褟薪写褉邪,2
小械屑懈谐芯褉邪,2
袥邪胁褉褨,2
袦械谢邪褕褔懈薪,2
袩械褌褉芯,2
小芯谢芯胁'袊褏邪,2
袥邪胁褉邪,2
小芯褎褨褟,2
袥邪胁褉芯,2
袚褉懈褕懈褏邪,2
啸褉懈褋褌芯褋,2
袛械褉泻邪褔,2
小褍褉邪,2
袧械褔褍泄,1
袥械胁懈褑褜泻懈泄,1
袨屑械谢褜泻邪,1
啸褨胁褉褟,1
啸懈屑泻邪,1
袨写邪褉泻邪,1
啸芯写邪泻褨胁薪邪,1
啸芯褌懈薪邪,1
袣芯褉褔邪泻褨胁薪邪,1
袥邪胁褉,1
袩邪谢邪屑邪褉,1
袣褍屑,1
袩懈谢懈锌褨胁泻邪,1
袣褍屑邪,1
袚谢褟薪褜,1
袥邪胁褉褨懈,1
袘褨褦胁械褑褜,1
袨褏褉褨屑,1
袣邪褌褉褨,1
袣邪褌褉褟,1
袘邪谢邪褕褨胁薪邪,1
袘邪谢邪褕懈褋,1
袚褍谢褟,1
袘褨褦胁褑褨,1
袣邪泄写邪褖懈褏邪,1
袦械谢邪褕泻芯,1
袦芯褉谐褍谢褟,1
袟邪锌邪写懈薪泻邪,1
袣邪泄写邪褕薪褏邪,1
袚芯谢芯胁褔懈褏邪,1
小邪屑褋芯薪,1
袦邪褉褍褋,1
肖褉芯谢,1
袉褉芯写,1
效械褉薪懈褑褟,1
肖械芯写芯褋褨泄,1
袗薪写褉褨泄,1
肖谢芯褉,1
袣邪泄写邪褕懈褌懈,1
袦械谢邪褖懈薪邪,1
袘褨褉,1
袦械谢邪褕褑邪,1
袩邪褉邪褋泻械胁邪,1
袩'携褌薪懈褑褟,1
袘邪褉斜芯褋,1
袣邪泄写邪褕褨胁,1
袨屑械谢褜泻,1
袦邪褉懈薪邪,1
袗谐邪锌褨褌,1
袗谢懈锌褨褟,1
袦懈泻芯谢邪褌懈,1
袦邪褉泻邪,1
小邪褉邪薪写邪褉邪,1
袉褋褍褋,1
袙邪薪邪,1
袣邪泄写邪褕懈褋,1
袥邪邪褉褨薪,1
袣邪泄写邪卸械薪泻芯,1
袚芯谢褍斜褔懈泻,1
袣邪褉薪,1
袦芯褌褉褍薪褟,1
袦懈谐褉褟,1
袦械谢邪薪泻邪,1
袙邪褋懈谢褜,1
袚褉褍褕邪,1
袚褉褍褕,1
袪芯褋褜,1
